subject_id,visit_name,planned_date,visit_window_days,actual_date,days_offset,within_window
S-1042,Screening,2026-04-10,0,2026-04-10,0,True
S-1042,Baseline,2026-04-24,3,2026-04-26,2,True
S-1042,Visit 2,2026-05-08,3,2026-05-06,-2,True
S-1042,Visit 3,2026-06-05,5,2026-06-14,9,False
S-1042,Visit 4 (EOT),2026-07-03,5,2026-06-29,-4,True
S-1042,Follow-up,2026-07-31,7,2026-07-30,-1,True
S-1001,Screening,2026-03-05,0,2026-03-05,0,True
S-1001,Baseline,2026-03-19,3,2026-03-20,1,True
S-1001,Visit 2,2026-04-02,3,2026-04-02,0,True
S-1001,Visit 3,2026-04-30,5,2026-05-01,1,True
S-1001,Visit 4 (EOT),2026-05-28,5,2026-05-23,-5,True
S-1001,Follow-up,2026-06-25,7,2026-06-21,-4,True
S-1002,Screening,2026-04-28,0,2026-04-28,0,True
S-1002,Baseline,2026-05-12,3,2026-05-12,0,True
S-1002,Visit 2,2026-05-26,3,2026-05-29,3,True
S-1002,Visit 3,2026-06-23,5,2026-06-27,4,True
S-1002,Visit 4 (EOT),2026-07-21,5,2026-07-16,-5,True
S-1002,Follow-up,2026-08-18,7,2026-08-24,6,True
S-1003,Screening,2026-05-04,0,2026-05-04,0,True
S-1003,Baseline,2026-05-18,3,2026-05-18,0,True
S-1003,Visit 2,2026-06-01,3,2026-05-29,-3,True
S-1003,Visit 3,2026-06-29,5,2026-06-29,0,True
S-1003,Visit 4 (EOT),2026-07-27,5,2026-07-26,-1,True
S-1003,Follow-up,2026-08-24,7,2026-08-29,5,True
S-1004,Screening,2026-03-02,0,2026-03-02,0,True
S-1004,Baseline,2026-03-16,3,2026-03-17,1,True
S-1004,Visit 2,2026-03-30,3,2026-04-01,2,True
S-1004,Visit 3,2026-04-27,5,2026-04-30,3,True
S-1004,Visit 4 (EOT),2026-05-25,5,2026-05-29,4,True
S-1004,Follow-up,2026-06-22,7,2026-06-29,7,True
S-1005,Screening,2026-02-09,0,2026-02-09,0,True
S-1005,Baseline,2026-02-23,3,2026-02-21,-2,True
S-1005,Visit 2,2026-03-09,3,2026-03-08,-1,True
S-1005,Visit 3,2026-04-06,5,2026-04-07,1,True
S-1005,Visit 4 (EOT),2026-05-04,5,2026-05-06,2,True
S-1005,Follow-up,2026-06-01,7,2026-05-25,-7,True
S-1006,Screening,2026-03-02,0,2026-03-02,0,True
S-1006,Baseline,2026-03-16,3,2026-03-18,2,True
S-1006,Visit 2,2026-03-30,3,2026-04-01,2,True
S-1006,Visit 3,2026-04-27,5,2026-04-28,1,True
S-1006,Visit 4 (EOT),2026-05-25,5,2026-05-22,-3,True
S-1006,Follow-up,2026-06-22,7,2026-06-28,6,True
S-1007,Screening,2026-03-12,0,2026-03-12,0,True
S-1007,Baseline,2026-03-26,3,2026-03-27,1,True
S-1007,Visit 2,2026-04-09,3,2026-04-10,1,True
S-1007,Visit 3,2026-05-07,5,2026-05-02,-5,True
S-1007,Visit 4 (EOT),2026-06-04,5,2026-06-05,1,True
S-1007,Follow-up,2026-07-02,7,2026-07-04,2,True
S-1008,Screening,2026-03-25,0,2026-03-25,0,True
S-1008,Baseline,2026-04-08,3,2026-04-05,-3,True
S-1008,Visit 2,2026-04-22,3,2026-04-24,2,True
S-1008,Visit 3,2026-05-20,5,2026-05-21,1,True
S-1008,Visit 4 (EOT),2026-06-17,5,2026-06-14,-3,True
S-1008,Follow-up,2026-07-15,7,2026-07-21,6,True
S-1009,Screening,2026-03-12,0,2026-03-12,0,True
S-1009,Baseline,2026-03-26,3,2026-03-23,-3,True
S-1009,Visit 2,2026-04-09,3,2026-04-08,-1,True
S-1009,Visit 3,2026-05-07,5,2026-05-08,1,True
S-1009,Visit 4 (EOT),2026-06-04,5,2026-06-04,0,True
S-1009,Follow-up,2026-07-02,7,2026-06-28,-4,True
S-1010,Screening,2026-03-11,0,2026-03-11,0,True
S-1010,Baseline,2026-03-25,3,2026-03-24,-1,True
S-1010,Visit 2,2026-04-08,3,2026-04-11,3,True
S-1010,Visit 3,2026-05-06,5,2026-05-07,1,True
S-1010,Visit 4 (EOT),2026-06-03,5,2026-06-02,-1,True
S-1010,Follow-up,2026-07-01,7,2026-07-06,5,True
S-1011,Screening,2026-04-28,0,2026-04-28,0,True
S-1011,Baseline,2026-05-12,3,2026-05-11,-1,True
S-1011,Visit 2,2026-05-26,3,2026-05-29,3,True
S-1011,Visit 3,2026-06-23,5,2026-06-19,-4,True
S-1011,Visit 4 (EOT),2026-07-21,5,2026-07-23,2,True
S-1011,Follow-up,2026-08-18,7,2026-08-11,-7,True
S-1012,Screening,2026-04-17,0,2026-04-17,0,True
S-1012,Baseline,2026-05-01,3,2026-04-30,-1,True
S-1012,Visit 2,2026-05-15,3,2026-05-13,-2,True
S-1012,Visit 3,2026-06-12,5,2026-06-17,5,True
S-1012,Visit 4 (EOT),2026-07-10,5,2026-07-06,-4,True
S-1012,Follow-up,2026-08-07,7,2026-08-12,5,True
S-1013,Screening,2026-04-05,0,2026-04-05,0,True
S-1013,Baseline,2026-04-19,3,2026-04-22,3,True
S-1013,Visit 2,2026-05-03,3,2026-04-30,-3,True
S-1013,Visit 3,2026-05-31,5,2026-05-29,-2,True
S-1013,Visit 4 (EOT),2026-06-28,5,2026-06-26,-2,True
S-1013,Follow-up,2026-07-26,7,2026-08-01,6,True
S-1014,Screening,2026-01-14,0,2026-01-14,0,True
S-1014,Baseline,2026-01-28,3,2026-01-26,-2,True
S-1014,Visit 2,2026-02-11,3,2026-02-09,-2,True
S-1014,Visit 3,2026-03-11,5,2026-03-13,2,True
S-1014,Visit 4 (EOT),2026-04-08,5,2026-04-13,5,True
S-1014,Follow-up,2026-05-06,7,2026-04-30,-6,True
S-1015,Screening,2026-03-25,0,2026-03-25,0,True
S-1015,Baseline,2026-04-08,3,2026-04-08,0,True
S-1015,Visit 2,2026-04-22,3,2026-04-24,2,True
S-1015,Visit 3,2026-05-20,5,2026-05-19,-1,True
S-1015,Visit 4 (EOT),2026-06-17,5,2026-06-17,0,True
S-1015,Follow-up,2026-07-15,7,2026-07-10,-5,True
S-1016,Screening,2026-03-30,0,2026-03-30,0,True
S-1016,Baseline,2026-04-13,3,2026-04-16,3,True
S-1016,Visit 2,2026-04-27,3,2026-04-30,3,True
S-1016,Visit 3,2026-05-25,5,2026-05-22,-3,True
S-1016,Visit 4 (EOT),2026-06-22,5,2026-06-21,-1,True
S-1016,Follow-up,2026-07-20,7,2026-07-14,-6,True
S-1017,Screening,2026-03-27,0,2026-03-27,0,True
S-1017,Baseline,2026-04-10,3,2026-04-09,-1,True
S-1017,Visit 2,2026-04-24,3,2026-04-25,1,True
S-1017,Visit 3,2026-05-22,5,2026-05-27,5,True
S-1017,Visit 4 (EOT),2026-06-19,5,2026-06-20,1,True
S-1017,Follow-up,2026-07-17,7,2026-07-16,-1,True
