deviation_id,domain,batch_id,subject_id,date,equipment_id,description,status
DEV-2026-0091,manufacturing,B-2291,,2026-08-01,Oven-04,"Drying step temperature excursion: spec 60C +/-5C for 4h, actual peak 72C sustained for approximately 20 minutes on Oven-04.",open
DEV-2026-0034,clinical,,S-1042,2026-04-01,,Visit 3 conducted 9 days outside the protocol-specified +/-5 day window.,open
DEV-2026-0100,manufacturing,B-2304,,2026-02-05,Oven-06,"Late entry in batch record, backfilled and countersigned.",open
DEV-2026-0101,manufacturing,B-2296,,2026-07-15,Oven-04,"Late entry in batch record, backfilled and countersigned.",closed
DEV-2026-0102,manufacturing,B-2307,,2026-02-26,Oven-01,"Environmental monitoring excursion in staging area, within action limit.",open
DEV-2026-0103,manufacturing,B-2309,,2026-03-15,Oven-06,"Late entry in batch record, backfilled and countersigned.",closed
DEV-2026-0104,manufacturing,B-2308,,2026-03-05,Oven-02,"Late entry in batch record, backfilled and countersigned.",closed
DEV-2026-0105,manufacturing,B-2301,,2026-01-11,Oven-03,"Minor label reconciliation discrepancy, resolved same shift.",closed
DEV-2026-0106,manufacturing,B-2312,,2026-04-06,Oven-02,"Late entry in batch record, backfilled and countersigned.",open
DEV-2026-0107,manufacturing,B-2302,,2026-01-18,Oven-02,"Late entry in batch record, backfilled and countersigned.",open
DEV-2026-0108,manufacturing,B-2311,,2026-03-28,Oven-06,"Minor label reconciliation discrepancy, resolved same shift.",closed
DEV-2026-0109,manufacturing,B-2313,,2026-04-15,Oven-06,"Minor label reconciliation discrepancy, resolved same shift.",open
DEV-2026-0110,manufacturing,B-2306,,2026-02-20,Oven-01,"Environmental monitoring excursion in staging area, within action limit.",open
DEV-2026-0111,manufacturing,B-2293,,2026-06-20,Oven-04,"Late entry in batch record, backfilled and countersigned.",open
DEV-2026-0112,manufacturing,B-2300,,2026-01-05,Oven-01,"Environmental monitoring excursion in staging area, within action limit.",closed
DEV-2026-0113,manufacturing,B-2310,,2026-03-21,Oven-06,"Late entry in batch record, backfilled and countersigned.",closed
DEV-2026-0200,clinical,,S-1001,2026-05-01,,Concomitant medication log updated retrospectively.,open
DEV-2026-0201,clinical,,S-1002,2026-05-01,,Lab sample shipped 1 day outside temperature-controlled window.,closed
DEV-2026-0202,clinical,,S-1003,2026-05-01,,"Informed consent re-signed after protocol amendment, minor administrative delay.",closed
DEV-2026-0203,clinical,,S-1004,2026-05-01,,Lab sample shipped 1 day outside temperature-controlled window.,closed
DEV-2026-0204,clinical,,S-1005,2026-05-01,,"Informed consent re-signed after protocol amendment, minor administrative delay.",closed
DEV-2026-0205,clinical,,S-1006,2026-05-01,,Concomitant medication log updated retrospectively.,open
DEV-2026-0206,clinical,,S-1007,2026-05-01,,Concomitant medication log updated retrospectively.,closed
DEV-2026-0207,clinical,,S-1008,2026-05-01,,Lab sample shipped 1 day outside temperature-controlled window.,closed
DEV-2026-0208,clinical,,S-1009,2026-05-01,,Lab sample shipped 1 day outside temperature-controlled window.,closed
DEV-2026-0209,clinical,,S-1010,2026-05-01,,"Informed consent re-signed after protocol amendment, minor administrative delay.",closed
DEV-2026-0210,clinical,,S-1011,2026-05-01,,"Informed consent re-signed after protocol amendment, minor administrative delay.",closed
DEV-2026-0211,clinical,,S-1012,2026-05-01,,Lab sample shipped 1 day outside temperature-controlled window.,closed
