batch_id,equipment_id,timestamp,elapsed_min,temperature_c,setpoint_c,spec_low_c,spec_high_c
B-2291,Oven-04,2026-08-01T08:00:00,0,59.6,60.0,55.0,65.0
B-2291,Oven-04,2026-08-01T08:05:00,5,61.5,60.0,55.0,65.0
B-2291,Oven-04,2026-08-01T08:10:00,10,60.4,60.0,55.0,65.0
B-2291,Oven-04,2026-08-01T08:15:00,15,60.2,60.0,55.0,65.0
B-2291,Oven-04,2026-08-01T08:20:00,20,60.6,60.0,55.0,65.0
B-2291,Oven-04,2026-08-01T08:25:00,25,61.0,60.0,55.0,65.0
B-2291,Oven-04,2026-08-01T08:30:00,30,60.8,60.0,55.0,65.0
B-2291,Oven-04,2026-08-01T08:35:00,35,59.2,60.0,55.0,65.0
B-2291,Oven-04,2026-08-01T08:40:00,40,58.6,60.0,55.0,65.0
B-2291,Oven-04,2026-08-01T08:45:00,45,59.4,60.0,55.0,65.0
B-2291,Oven-04,2026-08-01T08:50:00,50,59.3,60.0,55.0,65.0
B-2291,Oven-04,2026-08-01T08:55:00,55,59.1,60.0,55.0,65.0
B-2291,Oven-04,2026-08-01T09:00:00,60,61.3,60.0,55.0,65.0
B-2291,Oven-04,2026-08-01T09:05:00,65,61.1,60.0,55.0,65.0
B-2291,Oven-04,2026-08-01T09:10:00,70,59.4,60.0,55.0,65.0
B-2291,Oven-04,2026-08-01T09:15:00,75,60.5,60.0,55.0,65.0
B-2291,Oven-04,2026-08-01T09:20:00,80,59.7,60.0,55.0,65.0
B-2291,Oven-04,2026-08-01T09:25:00,85,61.2,60.0,55.0,65.0
B-2291,Oven-04,2026-08-01T09:30:00,90,59.9,60.0,55.0,65.0
B-2291,Oven-04,2026-08-01T09:35:00,95,59.3,60.0,55.0,65.0
B-2291,Oven-04,2026-08-01T09:40:00,100,68.0,60.0,55.0,65.0
B-2291,Oven-04,2026-08-01T09:45:00,105,72.0,60.0,55.0,65.0
B-2291,Oven-04,2026-08-01T09:50:00,110,72.0,60.0,55.0,65.0
B-2291,Oven-04,2026-08-01T09:55:00,115,72.0,60.0,55.0,65.0
B-2291,Oven-04,2026-08-01T10:00:00,120,68.0,60.0,55.0,65.0
B-2291,Oven-04,2026-08-01T10:05:00,125,59.2,60.0,55.0,65.0
B-2291,Oven-04,2026-08-01T10:10:00,130,60.2,60.0,55.0,65.0
B-2291,Oven-04,2026-08-01T10:15:00,135,59.3,60.0,55.0,65.0
B-2291,Oven-04,2026-08-01T10:20:00,140,60.3,60.0,55.0,65.0
B-2291,Oven-04,2026-08-01T10:25:00,145,61.2,60.0,55.0,65.0
B-2291,Oven-04,2026-08-01T10:30:00,150,59.7,60.0,55.0,65.0
B-2291,Oven-04,2026-08-01T10:35:00,155,59.2,60.0,55.0,65.0
B-2291,Oven-04,2026-08-01T10:40:00,160,61.5,60.0,55.0,65.0
B-2291,Oven-04,2026-08-01T10:45:00,165,60.0,60.0,55.0,65.0
B-2291,Oven-04,2026-08-01T10:50:00,170,58.8,60.0,55.0,65.0
B-2291,Oven-04,2026-08-01T10:55:00,175,58.6,60.0,55.0,65.0
B-2291,Oven-04,2026-08-01T11:00:00,180,58.8,60.0,55.0,65.0
B-2291,Oven-04,2026-08-01T11:05:00,185,60.4,60.0,55.0,65.0
B-2291,Oven-04,2026-08-01T11:10:00,190,60.9,60.0,55.0,65.0
B-2291,Oven-04,2026-08-01T11:15:00,195,59.8,60.0,55.0,65.0
B-2291,Oven-04,2026-08-01T11:20:00,200,58.7,60.0,55.0,65.0
B-2291,Oven-04,2026-08-01T11:25:00,205,59.6,60.0,55.0,65.0
B-2291,Oven-04,2026-08-01T11:30:00,210,61.5,60.0,55.0,65.0
B-2291,Oven-04,2026-08-01T11:35:00,215,60.1,60.0,55.0,65.0
B-2291,Oven-04,2026-08-01T11:40:00,220,61.4,60.0,55.0,65.0
B-2291,Oven-04,2026-08-01T11:45:00,225,61.1,60.0,55.0,65.0
B-2291,Oven-04,2026-08-01T11:50:00,230,58.5,60.0,55.0,65.0
B-2291,Oven-04,2026-08-01T11:55:00,235,60.7,60.0,55.0,65.0
B-2291,Oven-04,2026-08-01T12:00:00,240,60.5,60.0,55.0,65.0
B-2293,Oven-04,2026-06-20T08:00:00,0,60.1,60.0,55.0,65.0
B-2293,Oven-04,2026-06-20T08:05:00,5,59.1,60.0,55.0,65.0
B-2293,Oven-04,2026-06-20T08:10:00,10,60.6,60.0,55.0,65.0
B-2293,Oven-04,2026-06-20T08:15:00,15,58.4,60.0,55.0,65.0
B-2293,Oven-04,2026-06-20T08:20:00,20,59.7,60.0,55.0,65.0
B-2293,Oven-04,2026-06-20T08:25:00,25,59.8,60.0,55.0,65.0
B-2293,Oven-04,2026-06-20T08:30:00,30,61.8,60.0,55.0,65.0
B-2293,Oven-04,2026-06-20T08:35:00,35,61.5,60.0,55.0,65.0
B-2293,Oven-04,2026-06-20T08:40:00,40,59.1,60.0,55.0,65.0
B-2293,Oven-04,2026-06-20T08:45:00,45,60.0,60.0,55.0,65.0
B-2293,Oven-04,2026-06-20T08:50:00,50,58.7,60.0,55.0,65.0
B-2293,Oven-04,2026-06-20T08:55:00,55,61.7,60.0,55.0,65.0
B-2293,Oven-04,2026-06-20T09:00:00,60,61.5,60.0,55.0,65.0
B-2293,Oven-04,2026-06-20T09:05:00,65,59.2,60.0,55.0,65.0
B-2293,Oven-04,2026-06-20T09:10:00,70,60.6,60.0,55.0,65.0
B-2293,Oven-04,2026-06-20T09:15:00,75,60.4,60.0,55.0,65.0
B-2293,Oven-04,2026-06-20T09:20:00,80,58.6,60.0,55.0,65.0
B-2293,Oven-04,2026-06-20T09:25:00,85,61.1,60.0,55.0,65.0
B-2293,Oven-04,2026-06-20T09:30:00,90,60.2,60.0,55.0,65.0
B-2293,Oven-04,2026-06-20T09:35:00,95,61.1,60.0,55.0,65.0
B-2293,Oven-04,2026-06-20T09:40:00,100,60.1,60.0,55.0,65.0
B-2293,Oven-04,2026-06-20T09:45:00,105,58.0,60.0,55.0,65.0
B-2293,Oven-04,2026-06-20T09:50:00,110,59.3,60.0,55.0,65.0
B-2293,Oven-04,2026-06-20T09:55:00,115,58.1,60.0,55.0,65.0
B-2293,Oven-04,2026-06-20T10:00:00,120,61.7,60.0,55.0,65.0
B-2293,Oven-04,2026-06-20T10:05:00,125,61.5,60.0,55.0,65.0
B-2293,Oven-04,2026-06-20T10:10:00,130,61.3,60.0,55.0,65.0
B-2293,Oven-04,2026-06-20T10:15:00,135,59.2,60.0,55.0,65.0
B-2293,Oven-04,2026-06-20T10:20:00,140,58.2,60.0,55.0,65.0
B-2293,Oven-04,2026-06-20T10:25:00,145,61.5,60.0,55.0,65.0
B-2293,Oven-04,2026-06-20T10:30:00,150,61.8,60.0,55.0,65.0
B-2293,Oven-04,2026-06-20T10:35:00,155,58.3,60.0,55.0,65.0
B-2293,Oven-04,2026-06-20T10:40:00,160,59.9,60.0,55.0,65.0
B-2293,Oven-04,2026-06-20T10:45:00,165,58.3,60.0,55.0,65.0
B-2293,Oven-04,2026-06-20T10:50:00,170,61.0,60.0,55.0,65.0
B-2293,Oven-04,2026-06-20T10:55:00,175,61.1,60.0,55.0,65.0
B-2293,Oven-04,2026-06-20T11:00:00,180,58.5,60.0,55.0,65.0
B-2293,Oven-04,2026-06-20T11:05:00,185,59.9,60.0,55.0,65.0
B-2293,Oven-04,2026-06-20T11:10:00,190,60.2,60.0,55.0,65.0
B-2293,Oven-04,2026-06-20T11:15:00,195,59.1,60.0,55.0,65.0
B-2293,Oven-04,2026-06-20T11:20:00,200,61.5,60.0,55.0,65.0
B-2293,Oven-04,2026-06-20T11:25:00,205,59.7,60.0,55.0,65.0
B-2293,Oven-04,2026-06-20T11:30:00,210,58.8,60.0,55.0,65.0
B-2293,Oven-04,2026-06-20T11:35:00,215,60.2,60.0,55.0,65.0
B-2293,Oven-04,2026-06-20T11:40:00,220,60.9,60.0,55.0,65.0
B-2293,Oven-04,2026-06-20T11:45:00,225,58.8,60.0,55.0,65.0
B-2293,Oven-04,2026-06-20T11:50:00,230,59.2,60.0,55.0,65.0
B-2293,Oven-04,2026-06-20T11:55:00,235,62.0,60.0,55.0,65.0
B-2293,Oven-04,2026-06-20T12:00:00,240,60.6,60.0,55.0,65.0
B-2296,Oven-04,2026-07-15T08:00:00,0,59.8,60.0,55.0,65.0
B-2296,Oven-04,2026-07-15T08:05:00,5,60.1,60.0,55.0,65.0
B-2296,Oven-04,2026-07-15T08:10:00,10,58.5,60.0,55.0,65.0
B-2296,Oven-04,2026-07-15T08:15:00,15,58.9,60.0,55.0,65.0
B-2296,Oven-04,2026-07-15T08:20:00,20,59.4,60.0,55.0,65.0
B-2296,Oven-04,2026-07-15T08:25:00,25,60.4,60.0,55.0,65.0
B-2296,Oven-04,2026-07-15T08:30:00,30,58.9,60.0,55.0,65.0
B-2296,Oven-04,2026-07-15T08:35:00,35,58.9,60.0,55.0,65.0
B-2296,Oven-04,2026-07-15T08:40:00,40,58.3,60.0,55.0,65.0
B-2296,Oven-04,2026-07-15T08:45:00,45,60.5,60.0,55.0,65.0
B-2296,Oven-04,2026-07-15T08:50:00,50,58.9,60.0,55.0,65.0
B-2296,Oven-04,2026-07-15T08:55:00,55,61.6,60.0,55.0,65.0
B-2296,Oven-04,2026-07-15T09:00:00,60,61.4,60.0,55.0,65.0
B-2296,Oven-04,2026-07-15T09:05:00,65,58.3,60.0,55.0,65.0
B-2296,Oven-04,2026-07-15T09:10:00,70,59.0,60.0,55.0,65.0
B-2296,Oven-04,2026-07-15T09:15:00,75,60.7,60.0,55.0,65.0
B-2296,Oven-04,2026-07-15T09:20:00,80,58.9,60.0,55.0,65.0
B-2296,Oven-04,2026-07-15T09:25:00,85,58.5,60.0,55.0,65.0
B-2296,Oven-04,2026-07-15T09:30:00,90,61.7,60.0,55.0,65.0
B-2296,Oven-04,2026-07-15T09:35:00,95,60.3,60.0,55.0,65.0
B-2296,Oven-04,2026-07-15T09:40:00,100,59.9,60.0,55.0,65.0
B-2296,Oven-04,2026-07-15T09:45:00,105,61.1,60.0,55.0,65.0
B-2296,Oven-04,2026-07-15T09:50:00,110,61.2,60.0,55.0,65.0
B-2296,Oven-04,2026-07-15T09:55:00,115,58.8,60.0,55.0,65.0
B-2296,Oven-04,2026-07-15T10:00:00,120,58.4,60.0,55.0,65.0
B-2296,Oven-04,2026-07-15T10:05:00,125,59.7,60.0,55.0,65.0
B-2296,Oven-04,2026-07-15T10:10:00,130,59.7,60.0,55.0,65.0
B-2296,Oven-04,2026-07-15T10:15:00,135,59.9,60.0,55.0,65.0
B-2296,Oven-04,2026-07-15T10:20:00,140,60.9,60.0,55.0,65.0
B-2296,Oven-04,2026-07-15T10:25:00,145,60.7,60.0,55.0,65.0
B-2296,Oven-04,2026-07-15T10:30:00,150,61.9,60.0,55.0,65.0
B-2296,Oven-04,2026-07-15T10:35:00,155,58.4,60.0,55.0,65.0
B-2296,Oven-04,2026-07-15T10:40:00,160,59.6,60.0,55.0,65.0
B-2296,Oven-04,2026-07-15T10:45:00,165,59.4,60.0,55.0,65.0
B-2296,Oven-04,2026-07-15T10:50:00,170,61.4,60.0,55.0,65.0
B-2296,Oven-04,2026-07-15T10:55:00,175,59.0,60.0,55.0,65.0
B-2296,Oven-04,2026-07-15T11:00:00,180,58.8,60.0,55.0,65.0
B-2296,Oven-04,2026-07-15T11:05:00,185,59.8,60.0,55.0,65.0
B-2296,Oven-04,2026-07-15T11:10:00,190,59.7,60.0,55.0,65.0
B-2296,Oven-04,2026-07-15T11:15:00,195,59.1,60.0,55.0,65.0
B-2296,Oven-04,2026-07-15T11:20:00,200,59.0,60.0,55.0,65.0
B-2296,Oven-04,2026-07-15T11:25:00,205,61.7,60.0,55.0,65.0
B-2296,Oven-04,2026-07-15T11:30:00,210,59.8,60.0,55.0,65.0
B-2296,Oven-04,2026-07-15T11:35:00,215,61.4,60.0,55.0,65.0
B-2296,Oven-04,2026-07-15T11:40:00,220,60.2,60.0,55.0,65.0
B-2296,Oven-04,2026-07-15T11:45:00,225,58.2,60.0,55.0,65.0
B-2296,Oven-04,2026-07-15T11:50:00,230,62.0,60.0,55.0,65.0
B-2296,Oven-04,2026-07-15T11:55:00,235,61.3,60.0,55.0,65.0
B-2296,Oven-04,2026-07-15T12:00:00,240,61.9,60.0,55.0,65.0
B-2300,Oven-01,2026-01-05T08:00:00,0,62.1,60.0,55.0,65.0
B-2300,Oven-01,2026-01-05T08:20:00,20,61.7,60.0,55.0,65.0
B-2300,Oven-01,2026-01-05T08:40:00,40,58.3,60.0,55.0,65.0
B-2300,Oven-01,2026-01-05T09:00:00,60,59.9,60.0,55.0,65.0
B-2300,Oven-01,2026-01-05T09:20:00,80,58.6,60.0,55.0,65.0
B-2300,Oven-01,2026-01-05T09:40:00,100,59.5,60.0,55.0,65.0
B-2300,Oven-01,2026-01-05T10:00:00,120,57.8,60.0,55.0,65.0
B-2300,Oven-01,2026-01-05T10:20:00,140,59.4,60.0,55.0,65.0
B-2300,Oven-01,2026-01-05T10:40:00,160,62.4,60.0,55.0,65.0
B-2300,Oven-01,2026-01-05T11:00:00,180,58.8,60.0,55.0,65.0
B-2300,Oven-01,2026-01-05T11:20:00,200,61.4,60.0,55.0,65.0
B-2300,Oven-01,2026-01-05T11:40:00,220,59.8,60.0,55.0,65.0
B-2300,Oven-01,2026-01-05T12:00:00,240,59.6,60.0,55.0,65.0
B-2301,Oven-03,2026-01-11T08:00:00,0,62.3,60.0,55.0,65.0
B-2301,Oven-03,2026-01-11T08:20:00,20,62.5,60.0,55.0,65.0
B-2301,Oven-03,2026-01-11T08:40:00,40,60.3,60.0,55.0,65.0
B-2301,Oven-03,2026-01-11T09:00:00,60,61.1,60.0,55.0,65.0
B-2301,Oven-03,2026-01-11T09:20:00,80,58.3,60.0,55.0,65.0
B-2301,Oven-03,2026-01-11T09:40:00,100,59.0,60.0,55.0,65.0
B-2301,Oven-03,2026-01-11T10:00:00,120,62.3,60.0,55.0,65.0
B-2301,Oven-03,2026-01-11T10:20:00,140,60.4,60.0,55.0,65.0
B-2301,Oven-03,2026-01-11T10:40:00,160,60.2,60.0,55.0,65.0
B-2301,Oven-03,2026-01-11T11:00:00,180,61.2,60.0,55.0,65.0
B-2301,Oven-03,2026-01-11T11:20:00,200,57.8,60.0,55.0,65.0
B-2301,Oven-03,2026-01-11T11:40:00,220,60.4,60.0,55.0,65.0
B-2301,Oven-03,2026-01-11T12:00:00,240,60.0,60.0,55.0,65.0
B-2302,Oven-02,2026-01-18T08:00:00,0,61.8,60.0,55.0,65.0
B-2302,Oven-02,2026-01-18T08:20:00,20,58.3,60.0,55.0,65.0
B-2302,Oven-02,2026-01-18T08:40:00,40,62.3,60.0,55.0,65.0
B-2302,Oven-02,2026-01-18T09:00:00,60,57.9,60.0,55.0,65.0
B-2302,Oven-02,2026-01-18T09:20:00,80,58.4,60.0,55.0,65.0
B-2302,Oven-02,2026-01-18T09:40:00,100,60.5,60.0,55.0,65.0
B-2302,Oven-02,2026-01-18T10:00:00,120,60.9,60.0,55.0,65.0
B-2302,Oven-02,2026-01-18T10:20:00,140,58.7,60.0,55.0,65.0
B-2302,Oven-02,2026-01-18T10:40:00,160,58.1,60.0,55.0,65.0
B-2302,Oven-02,2026-01-18T11:00:00,180,62.0,60.0,55.0,65.0
B-2302,Oven-02,2026-01-18T11:20:00,200,58.7,60.0,55.0,65.0
B-2302,Oven-02,2026-01-18T11:40:00,220,60.5,60.0,55.0,65.0
B-2302,Oven-02,2026-01-18T12:00:00,240,60.6,60.0,55.0,65.0
B-2303,Oven-01,2026-01-25T08:00:00,0,59.6,60.0,55.0,65.0
B-2303,Oven-01,2026-01-25T08:20:00,20,60.4,60.0,55.0,65.0
B-2303,Oven-01,2026-01-25T08:40:00,40,60.1,60.0,55.0,65.0
B-2303,Oven-01,2026-01-25T09:00:00,60,62.2,60.0,55.0,65.0
B-2303,Oven-01,2026-01-25T09:20:00,80,58.5,60.0,55.0,65.0
B-2303,Oven-01,2026-01-25T09:40:00,100,61.1,60.0,55.0,65.0
B-2303,Oven-01,2026-01-25T10:00:00,120,58.7,60.0,55.0,65.0
B-2303,Oven-01,2026-01-25T10:20:00,140,59.5,60.0,55.0,65.0
B-2303,Oven-01,2026-01-25T10:40:00,160,60.9,60.0,55.0,65.0
B-2303,Oven-01,2026-01-25T11:00:00,180,59.0,60.0,55.0,65.0
B-2303,Oven-01,2026-01-25T11:20:00,200,59.1,60.0,55.0,65.0
B-2303,Oven-01,2026-01-25T11:40:00,220,61.3,60.0,55.0,65.0
B-2303,Oven-01,2026-01-25T12:00:00,240,57.9,60.0,55.0,65.0
B-2304,Oven-06,2026-02-05T08:00:00,0,59.8,60.0,55.0,65.0
B-2304,Oven-06,2026-02-05T08:20:00,20,62.5,60.0,55.0,65.0
B-2304,Oven-06,2026-02-05T08:40:00,40,62.5,60.0,55.0,65.0
B-2304,Oven-06,2026-02-05T09:00:00,60,57.9,60.0,55.0,65.0
B-2304,Oven-06,2026-02-05T09:20:00,80,58.6,60.0,55.0,65.0
B-2304,Oven-06,2026-02-05T09:40:00,100,58.8,60.0,55.0,65.0
B-2304,Oven-06,2026-02-05T10:00:00,120,62.2,60.0,55.0,65.0
B-2304,Oven-06,2026-02-05T10:20:00,140,61.9,60.0,55.0,65.0
B-2304,Oven-06,2026-02-05T10:40:00,160,61.9,60.0,55.0,65.0
B-2304,Oven-06,2026-02-05T11:00:00,180,59.3,60.0,55.0,65.0
B-2304,Oven-06,2026-02-05T11:20:00,200,58.3,60.0,55.0,65.0
B-2304,Oven-06,2026-02-05T11:40:00,220,61.7,60.0,55.0,65.0
B-2304,Oven-06,2026-02-05T12:00:00,240,61.0,60.0,55.0,65.0
B-2305,Oven-06,2026-02-11T08:00:00,0,60.6,60.0,55.0,65.0
B-2305,Oven-06,2026-02-11T08:20:00,20,62.4,60.0,55.0,65.0
B-2305,Oven-06,2026-02-11T08:40:00,40,60.8,60.0,55.0,65.0
B-2305,Oven-06,2026-02-11T09:00:00,60,57.5,60.0,55.0,65.0
B-2305,Oven-06,2026-02-11T09:20:00,80,61.6,60.0,55.0,65.0
B-2305,Oven-06,2026-02-11T09:40:00,100,59.0,60.0,55.0,65.0
B-2305,Oven-06,2026-02-11T10:00:00,120,60.8,60.0,55.0,65.0
B-2305,Oven-06,2026-02-11T10:20:00,140,62.2,60.0,55.0,65.0
B-2305,Oven-06,2026-02-11T10:40:00,160,58.2,60.0,55.0,65.0
B-2305,Oven-06,2026-02-11T11:00:00,180,58.1,60.0,55.0,65.0
B-2305,Oven-06,2026-02-11T11:20:00,200,58.0,60.0,55.0,65.0
B-2305,Oven-06,2026-02-11T11:40:00,220,60.3,60.0,55.0,65.0
B-2305,Oven-06,2026-02-11T12:00:00,240,58.9,60.0,55.0,65.0
B-2306,Oven-01,2026-02-20T08:00:00,0,60.5,60.0,55.0,65.0
B-2306,Oven-01,2026-02-20T08:20:00,20,61.1,60.0,55.0,65.0
B-2306,Oven-01,2026-02-20T08:40:00,40,58.5,60.0,55.0,65.0
B-2306,Oven-01,2026-02-20T09:00:00,60,60.7,60.0,55.0,65.0
B-2306,Oven-01,2026-02-20T09:20:00,80,58.8,60.0,55.0,65.0
B-2306,Oven-01,2026-02-20T09:40:00,100,59.9,60.0,55.0,65.0
B-2306,Oven-01,2026-02-20T10:00:00,120,62.0,60.0,55.0,65.0
B-2306,Oven-01,2026-02-20T10:20:00,140,61.7,60.0,55.0,65.0
B-2306,Oven-01,2026-02-20T10:40:00,160,58.0,60.0,55.0,65.0
B-2306,Oven-01,2026-02-20T11:00:00,180,59.6,60.0,55.0,65.0
B-2306,Oven-01,2026-02-20T11:20:00,200,58.9,60.0,55.0,65.0
B-2306,Oven-01,2026-02-20T11:40:00,220,57.5,60.0,55.0,65.0
B-2306,Oven-01,2026-02-20T12:00:00,240,61.4,60.0,55.0,65.0
B-2307,Oven-01,2026-02-26T08:00:00,0,60.7,60.0,55.0,65.0
B-2307,Oven-01,2026-02-26T08:20:00,20,58.8,60.0,55.0,65.0
B-2307,Oven-01,2026-02-26T08:40:00,40,61.2,60.0,55.0,65.0
B-2307,Oven-01,2026-02-26T09:00:00,60,60.3,60.0,55.0,65.0
B-2307,Oven-01,2026-02-26T09:20:00,80,59.6,60.0,55.0,65.0
B-2307,Oven-01,2026-02-26T09:40:00,100,57.5,60.0,55.0,65.0
B-2307,Oven-01,2026-02-26T10:00:00,120,57.9,60.0,55.0,65.0
B-2307,Oven-01,2026-02-26T10:20:00,140,61.9,60.0,55.0,65.0
B-2307,Oven-01,2026-02-26T10:40:00,160,62.0,60.0,55.0,65.0
B-2307,Oven-01,2026-02-26T11:00:00,180,60.2,60.0,55.0,65.0
B-2307,Oven-01,2026-02-26T11:20:00,200,61.7,60.0,55.0,65.0
B-2307,Oven-01,2026-02-26T11:40:00,220,60.4,60.0,55.0,65.0
B-2307,Oven-01,2026-02-26T12:00:00,240,58.2,60.0,55.0,65.0
B-2308,Oven-02,2026-03-05T08:00:00,0,58.1,60.0,55.0,65.0
B-2308,Oven-02,2026-03-05T08:20:00,20,59.0,60.0,55.0,65.0
B-2308,Oven-02,2026-03-05T08:40:00,40,62.0,60.0,55.0,65.0
B-2308,Oven-02,2026-03-05T09:00:00,60,61.5,60.0,55.0,65.0
B-2308,Oven-02,2026-03-05T09:20:00,80,61.8,60.0,55.0,65.0
B-2308,Oven-02,2026-03-05T09:40:00,100,62.0,60.0,55.0,65.0
B-2308,Oven-02,2026-03-05T10:00:00,120,58.6,60.0,55.0,65.0
B-2308,Oven-02,2026-03-05T10:20:00,140,58.7,60.0,55.0,65.0
B-2308,Oven-02,2026-03-05T10:40:00,160,58.0,60.0,55.0,65.0
B-2308,Oven-02,2026-03-05T11:00:00,180,61.4,60.0,55.0,65.0
B-2308,Oven-02,2026-03-05T11:20:00,200,61.9,60.0,55.0,65.0
B-2308,Oven-02,2026-03-05T11:40:00,220,59.5,60.0,55.0,65.0
B-2308,Oven-02,2026-03-05T12:00:00,240,60.6,60.0,55.0,65.0
B-2309,Oven-06,2026-03-15T08:00:00,0,58.3,60.0,55.0,65.0
B-2309,Oven-06,2026-03-15T08:20:00,20,62.1,60.0,55.0,65.0
B-2309,Oven-06,2026-03-15T08:40:00,40,61.8,60.0,55.0,65.0
B-2309,Oven-06,2026-03-15T09:00:00,60,62.4,60.0,55.0,65.0
B-2309,Oven-06,2026-03-15T09:20:00,80,61.6,60.0,55.0,65.0
B-2309,Oven-06,2026-03-15T09:40:00,100,61.9,60.0,55.0,65.0
B-2309,Oven-06,2026-03-15T10:00:00,120,57.6,60.0,55.0,65.0
B-2309,Oven-06,2026-03-15T10:20:00,140,61.2,60.0,55.0,65.0
B-2309,Oven-06,2026-03-15T10:40:00,160,59.2,60.0,55.0,65.0
B-2309,Oven-06,2026-03-15T11:00:00,180,62.2,60.0,55.0,65.0
B-2309,Oven-06,2026-03-15T11:20:00,200,61.5,60.0,55.0,65.0
B-2309,Oven-06,2026-03-15T11:40:00,220,61.8,60.0,55.0,65.0
B-2309,Oven-06,2026-03-15T12:00:00,240,61.6,60.0,55.0,65.0
B-2310,Oven-06,2026-03-21T08:00:00,0,58.8,60.0,55.0,65.0
B-2310,Oven-06,2026-03-21T08:20:00,20,61.4,60.0,55.0,65.0
B-2310,Oven-06,2026-03-21T08:40:00,40,58.0,60.0,55.0,65.0
B-2310,Oven-06,2026-03-21T09:00:00,60,61.9,60.0,55.0,65.0
B-2310,Oven-06,2026-03-21T09:20:00,80,61.8,60.0,55.0,65.0
B-2310,Oven-06,2026-03-21T09:40:00,100,58.6,60.0,55.0,65.0
B-2310,Oven-06,2026-03-21T10:00:00,120,61.6,60.0,55.0,65.0
B-2310,Oven-06,2026-03-21T10:20:00,140,59.8,60.0,55.0,65.0
B-2310,Oven-06,2026-03-21T10:40:00,160,59.0,60.0,55.0,65.0
B-2310,Oven-06,2026-03-21T11:00:00,180,61.5,60.0,55.0,65.0
B-2310,Oven-06,2026-03-21T11:20:00,200,58.6,60.0,55.0,65.0
B-2310,Oven-06,2026-03-21T11:40:00,220,57.6,60.0,55.0,65.0
B-2310,Oven-06,2026-03-21T12:00:00,240,58.5,60.0,55.0,65.0
B-2311,Oven-06,2026-03-28T08:00:00,0,59.1,60.0,55.0,65.0
B-2311,Oven-06,2026-03-28T08:20:00,20,61.8,60.0,55.0,65.0
B-2311,Oven-06,2026-03-28T08:40:00,40,62.3,60.0,55.0,65.0
B-2311,Oven-06,2026-03-28T09:00:00,60,58.9,60.0,55.0,65.0
B-2311,Oven-06,2026-03-28T09:20:00,80,60.7,60.0,55.0,65.0
B-2311,Oven-06,2026-03-28T09:40:00,100,59.5,60.0,55.0,65.0
B-2311,Oven-06,2026-03-28T10:00:00,120,62.4,60.0,55.0,65.0
B-2311,Oven-06,2026-03-28T10:20:00,140,60.2,60.0,55.0,65.0
B-2311,Oven-06,2026-03-28T10:40:00,160,62.2,60.0,55.0,65.0
B-2311,Oven-06,2026-03-28T11:00:00,180,58.1,60.0,55.0,65.0
B-2311,Oven-06,2026-03-28T11:20:00,200,62.4,60.0,55.0,65.0
B-2311,Oven-06,2026-03-28T11:40:00,220,58.4,60.0,55.0,65.0
B-2311,Oven-06,2026-03-28T12:00:00,240,62.3,60.0,55.0,65.0
B-2312,Oven-02,2026-04-06T08:00:00,0,58.8,60.0,55.0,65.0
B-2312,Oven-02,2026-04-06T08:20:00,20,58.0,60.0,55.0,65.0
B-2312,Oven-02,2026-04-06T08:40:00,40,59.7,60.0,55.0,65.0
B-2312,Oven-02,2026-04-06T09:00:00,60,61.1,60.0,55.0,65.0
B-2312,Oven-02,2026-04-06T09:20:00,80,59.1,60.0,55.0,65.0
B-2312,Oven-02,2026-04-06T09:40:00,100,60.5,60.0,55.0,65.0
B-2312,Oven-02,2026-04-06T10:00:00,120,60.1,60.0,55.0,65.0
B-2312,Oven-02,2026-04-06T10:20:00,140,59.4,60.0,55.0,65.0
B-2312,Oven-02,2026-04-06T10:40:00,160,60.4,60.0,55.0,65.0
B-2312,Oven-02,2026-04-06T11:00:00,180,58.8,60.0,55.0,65.0
B-2312,Oven-02,2026-04-06T11:20:00,200,61.0,60.0,55.0,65.0
B-2312,Oven-02,2026-04-06T11:40:00,220,57.5,60.0,55.0,65.0
B-2312,Oven-02,2026-04-06T12:00:00,240,62.1,60.0,55.0,65.0
B-2313,Oven-06,2026-04-15T08:00:00,0,60.2,60.0,55.0,65.0
B-2313,Oven-06,2026-04-15T08:20:00,20,61.1,60.0,55.0,65.0
B-2313,Oven-06,2026-04-15T08:40:00,40,61.2,60.0,55.0,65.0
B-2313,Oven-06,2026-04-15T09:00:00,60,60.9,60.0,55.0,65.0
B-2313,Oven-06,2026-04-15T09:20:00,80,59.3,60.0,55.0,65.0
B-2313,Oven-06,2026-04-15T09:40:00,100,57.8,60.0,55.0,65.0
B-2313,Oven-06,2026-04-15T10:00:00,120,60.8,60.0,55.0,65.0
B-2313,Oven-06,2026-04-15T10:20:00,140,59.2,60.0,55.0,65.0
B-2313,Oven-06,2026-04-15T10:40:00,160,59.1,60.0,55.0,65.0
B-2313,Oven-06,2026-04-15T11:00:00,180,61.7,60.0,55.0,65.0
B-2313,Oven-06,2026-04-15T11:20:00,200,61.1,60.0,55.0,65.0
B-2313,Oven-06,2026-04-15T11:40:00,220,59.0,60.0,55.0,65.0
B-2313,Oven-06,2026-04-15T12:00:00,240,59.0,60.0,55.0,65.0
